name;description;location;likes;dislikes;benefits_cordial;benefits_loyal;benefits_intimate;last_demand
Aaliyah;Aaliyah e uma bela moreau do gato com cabelos cinzas assim como suas orelhas e longa cauda felpuda, magra e com pernas longas. Os olhos felinos sao cor de caramelo e demonstram muito afeto mas tambem astucia. Por tras do sorriso doce e recepcao calorosa Aaliyah esta prestando atencao a tudo que acontece ao redor aproveitando seus silenciosos passos de gata para se esgueirar quando quer ver ou ouvir algo que nao deveria. Quando nao esta espreitando ou trabalhando senta-se na recepcao para fazer seu trico.;Casa de Banho;Cafune na cabeca|trico|perfumes|fofoca;Coisas e pessoas fedorentas|barulho|chuva;Voce recebe +2 em Percepcao.;Voce ignora penalidades de armadura em Acrobacia e Furtividade.;Voce pode usar a honraria da Casa de Banho uma vez adicional por dia.;Incapaz de conter sua curiosidade felina Aaliyah gostaria de poder visitar alguma das masmorras (qualquer uma mesmo alguma bem pequenininha) para ver com os proprios olhos as maravilhas que contem. Sera uma missao de escolta para qualquer masmorra.
Andris;Calmo e placido como as aguas Andris e um qareen moreno de cabelos claros. Passa boa parte de seus dias debrucado sobre uma bancada limpando peixes ou cuidando dos criadouros aquaticos. Muitos comentam sobre como ele e o exato oposto de Nerus sua esposa. Ainda assim tornou-se seu parceiro mais duradouro desde os primodios de Candessah. Suas roupas sao leves: usa braceletes de couro onde costuma limpar as facas e uma calca impecavelmente branca.;Pesqueiro;Peixes raros|facas de qualidade|organizacao;Trajes de cores muito fortes|bagunca;Voce recebe +5 em testes de pericia para extrair recursos de criaturas.;Voce recebe +1 na margem de ameaca com armas corpo a corpo leves ou de uma mao que causam dano de perfuracao.;Quando passa em um teste de Sobrevivencia para identificar criatura voce aumenta o bonus na margem de ameaca acima contra essa criatura para +2.;Andris sonha com uma faca que nunca perca o fio. Para isso ele pede uma missao de manufatura nas masmorras de Oceano ou Wynna ou uma missao de recuperacao na masmorra de Keenn.
Artemisia;Esta silfide de cabelos verdes e olhos espertos esta sempre a procura de apostas e diversao. Curiosa e bem humorada com certeza sera a primeira convidando os aventureiros para um jogo de cartas. Artemisia gosta de dizer entre risos que a sua sorte e inversamente proporcional a seu tamanho.;Taverna;Jogos de azar|bebidas fortes|tudo que seja verde;Livros|pocoes magicas|armas de ferro;Uma vez por masmorra ao rolar 10 ou menos no dado em um teste de pericia voce pode rolar +1d4 e somar ao resultado.;Como acima mas muda o dado de bonus para +1d6.;Como acima mas pode ser usado duas vezes por masmorra (apenas uma vez em cada teste).;Artemisia acredita que sua infindavel sorte vem de um dado magico abencado. Entretanto sempre que ela perde um jogo a magia do dado falha e a bencao precisa ser renovada. Apos derrota-la em um teste de Jogatina role uma missao na tabela de missoes aleatorias envolvendo o dado abencado de Artemisia.
Ashtad;As simpaticas cuidadoras do Antiquario sao fisicamente similares, ambas qareen de pele dourada com manchas irregulares prateadas em pontos aleatorios dos corpos atleticos. Ashtad tem cabelos ruivos e olhos ambar sendo mais vista durante o dia; dona de personalidade vibrante ela prefere acao e termos praticos. Ash e Khor (como preferem ser chamadas) nunca sao vistas juntas e evitam qualquer pergunta a respeito disso.;Antiquario;Itens magicos|flores|perfumes|joias|doces;Barulho|curiosidade exagerada|perguntas pessoais|multidoes;Voce recebe +5 em testes de pericia para identificar itens e seus usos.;Voce recebe 10% de desconto em itens no Antiquario (cumulativo).;Voce pode vestir um item magico adicional.;Ash e Khor tem um segredo guardado a sete chaves que so pode ser revelado com uma missao de pesquisa em uma das seguintes masmorras: Glorienn, Tanna-Toh ou Wynna. O segredo: devido a um acidente magico Ash e Khor compartilham o mesmo corpo sendo cada uma dominante durante o dia ou noite. A revelacao faz com que enfim aceitem tornar publica sua condicao.
Khordad;As simpaticas cuidadoras do Antiquario sao fisicamente similares, ambas qareen de pele dourada com manchas irregulares prateadas em pontos aleatorios dos corpos atleticos. Khordad tem cabelos escuros e olhos violeta tendendo a ser mais reclusa e objetiva. Ash e Khor (como preferem ser chamadas) nunca sao vistas juntas e evitam qualquer pergunta a respeito disso.;Antiquario;Itens magicos|flores|perfumes|joias|livros;Barulho|curiosidade exagerada|perguntas pessoais|multidoes;Voce recebe +5 em testes de pericia para identificar itens e seus usos.;Voce recebe 10% de desconto em itens no Antiquario (cumulativo).;Voce pode vestir um item magico adicional.;Ash e Khor tem um segredo guardado a sete chaves que so pode ser revelado com uma missao de pesquisa em uma das seguintes masmorras: Glorienn, Tanna-Toh ou Wynna. O segredo: devido a um acidente magico Ash e Khor compartilham o mesmo corpo sendo cada uma dominante durante o dia ou noite. A revelacao faz com que enfim aceitem tornar publica sua condicao.
Barossa;Esta pequena sulfure de pele azul e oculos pode ser encontrada estudando. A visao de seu imenso chapeu e manto de peles e comum nas sessoes sobre zoologia da biblioteca. Ao encontrar os aventureiros vai alternar entre sentir muita vergonha e encher todos de perguntas. Especialmente sobre hidras!;Biblioteca;Hidras|partes de monstros|historias|sorvete de maracuja;Barulho|dias de sol|picole de uva|multidoes;Voce recebe +2 em testes de pericia para identificar criatura.;Quando e atacado por uma criatura para cada ataque dessa criatura alem do primeiro que sofrer na rodada voce recebe um bonus cumulativo de +2 na Defesa e em reducao de dano contra ela. Estes bonus duram ate o fim da rodada.;Uma vez por rodada voce pode identificar criatura como uma acao livre. Se passar no teste alem das informacoes normais voce recebe +2 em testes de pericia contra ela.;Barossa estuda hidras com afinco para um dia criar a sua propria. Porem suas ideias fantasiosas sobre a criatura interferem na conjuracao. Para vencer essa dificuldade precisa de uma missao de escolta a uma das seguintes masmorras: Megalokk, Sszzaas ou Thyatis.
Bragi;De bracos cruzados recostado a uma parede da taverna uma figura sempre observa. Olhos fendidos e dourados encaram os recem-chegados a espada montante nas costas e um cartao de visitas para quem quiser tentar a sorte. O rosto palido e emoldurado por cabelo castanho-avermelhado rebelde um par de chifres e pequenas escamas de dragao ao redor do rosto. Isolado e ranzinza fazer amizade com esse sulfure parece impossivel.;Taverna;Montantes|qareen|instrumentos musicais;Cores vibrantes|comidas picantes|armas leves;Voce recebe proficiencia em uma arma marcial corpo a corpo de duas maos a sua escolha. Caso ja possua proficiencia na arma escolhida em vez disso recebe +2 em rolagens de dano com ela.;Voce recebe +1 em testes de ataque e na margem de ameaca com armas de duas maos.;Uma vez por cena voce recebe 10 PV temporarios por patamar de jogo. Se ate o inicio do proximo turno voce perder todos esses PV recebe 2 PM temporarios. Alem disso os bonus da Afinidade Leal aumentam para +2.;Bragi costumava ser um bardo alegre ate perder seus entes queridos durante um raro acidente fatal em Candessah. Seu desejo final e uma missao de caca a violenta criatura que levou aqueles que amava (em qualquer masmorra que o mestre achar apropriado).
Caliandre;Os cabelos desta aggelus sao negros e lustrosos enquanto um halo luminoso brilha acima da cabeca. O corpo e rajado com veios dourados que contrastam com a pele escura. Esta sempre sorrindo e adora ser desafiada para um combate amistoso. Sua arma e especial pois pode se transformar em outras mudando de forma para adequar-se ao que deseja fazer durante uma luta. Em seu tempo livre estara sempre praticando novas combinacoes de ataques e manobras.;Arena;Armas exoticas|combate|manobras|duelos;Magia arcana|passividade|inimigos em desvantagem;Voce recebe um bonus de +5 em testes de manobra.;Voce pode usar um poder a sua escolha entre Derrubar Aprimorado, Desarmar Aprimorado, Finta Aprimorada ou Quebrar Aprimorado.;Caliandre se torna uma parceira combatente mestre que acompanha voce nas masmorras.;Caliandre e uma avida colecionadora de armas. Sua missao final envolve a recuperacao de uma arma especifica na masmorra de Tauron, Lin-Wu, Keenn ou Khalmyr.
Ehmmed;A figura envolta em pesados mantos escuros e uma visao rara mesmo para os nativos da cidade. O qareen de olhos prateados e cabelos brancos tem sempre uma das duas expressoes no rosto: tedio ou cansaco. Ele nao costuma aparecer para aventureiros que ainda nao tenham se provado habilidosos (vencendo a decima masmorra ou cinco missoes para a guilda). Tambem nao parece gostar muito deles sempre com uma reclamacao ou comentario acido na ponta da lingua. Geralmente e encontrado estudando ou resolvendo problemas de outros moradores na Biblioteca.;Biblioteca;Candessah|saber;Aventureiros|ameacas a Candessah ou a seus cidadaos;Voce aprende e pode lancar uma magia arcana de convocacao ou transmutacao de 1o circulo a sua escolha.;Voce ganha +2 PM para usar em aprimoramentos da magia escolhida.;Quando voce morre em vez disso fica com 0 PV e e resgatado magicamente por um furioso Ehmmed. Voce e os demais personagens sao teleportados de volta a Candessah. Este salvamento ocorre apenas uma vez na campanha.;Apesar dos seus maus modos Ehmmed e legitimamente preocupado com todos cidadaos de Candessah sendo um rabugento protetor. Para adquirir a sua afeicao maxima e preciso cumprir a Ultima Demanda de outra pessoa.
Frann;A silhueta de Frann e inconfundivel, longilinea de terninho oculos e nos cabelos serpentes curtas bem disciplinadas coloridas em padrao de vermelho amarelo e preto. Esta bela medusa inventora e responsavel por todas as inovacoes tecnicas na cidade. Dona de um espirito curioso e cetico quase nunca e vista fora do laboratorio: dizem que suas proezas desafiam ate mesmo o limite de feitos arcanos! Infelizmente isso vem junto com ocasionais explosoes.;Laboratorio;Inovacao|tecnologia|armas de fogo|roupas casuais|armaduras;Apego as tradicoes e ao passado|historia|roupas formais;Cada visita a Candessah conta como tres semanas para fabricacao de itens permanentes.;Como acima mas cada visita ao Laboratorio passa a contar como quatro semanas em vez de tres.;Reduz o tempo de fabricacao de um item permanente pela metade.;Frann deseja explorar os limites de suas invencoes e provar-se para todos na cidade. Para isso precisa de uma missao de escolta em qualquer masmorra.
Harko;A figura deste qareen moreno de bracos fortes e riso facil e uma visao comum para aqueles que visitam a oficina ou a taverna quando acaba o dia. A chegada dos herois deu novo animo ao armeiro agora muito empolgado com a ideia de produzir novos armamentos em vez de utensilios domesticos!;Oficina;Dias de sol|cerveja|festas|armas exoticas;Objetos domesticos de metal|pessoas calmas demais|passividade;Suas armas recebem +1 em testes de ataque e dano no primeiro encontro da proxima masmorra.;Como acima mas muda a duracao dos bonus para ate o proximo descanso realizado dentro da masmorra.;Os bonus acima duram ate o final da masmorra.;Harko tem como objetivo final sofrer a maior ressaca de todos os tempos ate transcender e se tornar o Deus Menor das Festas! Para isso precisa de comida e bebida: sera eternamente grato a quem trouxer a maior caca de todos os tempos que pode ser encontrada nas masmorras de Allihanna, Oceano, Lena ou Megalokk.
Juno;Este minotauro musculoso possui uma pelagem castanha que vai gradualmente se tornando mais escura conforme se aproxima das costas. Apesar da aparencia imponente possui um semblante contemplativo que disfarca uma sabedoria profunda e filosofica. Estudioso de tecnicas e praticas de fortalecimento corporal e um lutador habilidoso embora prefira usar argumentos em vez dos punhos sempre que possivel.;Arena;Combate desarmado|liberdade|comida|Tapista;Armas|covardia|escravidao|preguica;O dano de seus ataques desarmados aumenta um passo.;Voce recebe +5 em testes de manobra com ataques desarmados.;Uma vez por rodada quando acerta um ataque desarmado voce pode fazer uma manobra com um ataque desarmado contra esse alvo como acao livre.;Um filosofo marcial Juno acredita que a oportunidade de meditar em um espaco divino poderia ajudar a responder alguns de seus questionamentos pessoais. Isso e uma missao de escolta na masmorra de Lin-Wu ou Tauron.
Kandor;Os olhos analiticos do artesao local parecem incapazes de deixar um detalhe sequer passar. Kandor e um aggelus quieto e muito focado em seu trabalho geralmente encontrado em uma sala pequena na Oficina onde exerce seu oficio. Raramente interage fora de seu posto. E um homem de varios talentos: artesanato, alfaiataria, carpintaria entre outros.;Oficina;Plantas|conchas|objetos de formato organico;Festas|pessoas barulhentas|desperdicio;Voce recebe uma ferramenta aprimorada a sua escolha.;Voce paga metade do preco por itens mundanos que Kandor consiga fabricar (ou seja paga apenas pela materia-prima).;Kandor faz um ajuste especial em um dos itens do personagem. Este item aumenta o total de pontos de vida do personagem em +10 por patamar ou o total de pontos de mana em +1 por patamar.;Kandor e obcecado com a perfeicao de seus itens sempre inspirados em formas naturais. Para entender melhor o mundo natural e se inspirar deseja descricoes vividas: uma missao de pesquisa na masmorra de Allihanna, Azgher ou Oceano.
Lassance;Uma mulher muito bela talvez a mais bela que os aventureiros tenham visto em suas vidas. Os cabelos verdes mais parecem folhagens de arvores a pele se confunde com madeira sedosa: trata-se de uma driade. Gosta de observar aqueles que adentram o bosque mas sem se mostrar, aproxima-se apenas quando sente seguranca ou gosta particularmente de alguem no grupo. Nestes casos Lassance e bem-humorada divertida e curiosa. Em respeito aos demais habitantes de Candessah acabou adquirindo o habito de usar roupas ou imitacoes convincentes crescidas de folhas e petalas.;Bosque;Pessoas belas|geleia|chuva|ficar nua;Desrespeito a natureza|matanca|flores;Voce recebe +2 em Adestramento e Cura.;Voce pode lancar Controlar Plantas. Caso ja conheca essa magia seu custo diminui em -1 PM.;Voce pode usar o poder Companheiro Animal como um druida de mesmo nivel.;Nada conquistaria mais a afeicao de Lassance que uma geleia de frutas especial. Esta e uma missao de manufatura em tres masmorras diferentes para trazer frutas unicas transformando-as em uma geleia inigualavel.
Lyssara;Esta aggelus aparenta ser uma mulher mais velha por volta de 45 anos em idade humana. Seus cabelos sao de um azul escuro com olhos violetas e sorriso encantador. Lyssara e apaixonada por flores desde que se lembra dedicando sua vida a cultiva-las. Um pouco timida se solta apenas quando o assunto sao flores e seu cultivo. Tem voz calma e acolhedora e esta sempre disposta a ajudar quem precisa; sente muita dificuldade em negar pedidos o que a coloca em algumas situacoes desconfortaveis.;Mercado;Flores|livros|silencio|sobremesas de baunilha;Gente invadindo seu espaco pessoal|gente que fala alto|chocolate;Voce recebe +2 em Oficio (alquimista) e Sobrevivencia.;Voce soma seu atributo principal nos pontos de vida que recupera usando habilidades.;Quando usa um preparado alquimico seu efeito aumenta em um dado do mesmo tipo (so afeta preparados com efeito expresso em dados).;Lyssara diz existir uma flor rara que ela sempre desejou: a Kinabalu Magica uma tulipa luminosa de cores sempre em mutacao. Esta e uma missao de recuperacao na masmorra de Wynna unico lugar onde a rara flor cresce.
Mahin;Atras do balcao uma aggelus jovem de cabelos ruivos levemente desgrenhados e olhos lilases estrelados e convidativos. Aqueles que visitaram a taverna podem sentir que estao passando por um deja-vu mas Mahin vai suspirar e desfazer a confusao que irmas gemeas causam. Mahin e reservada e silenciosa mas tem grande conhecimento de todas as localizacoes de Candessah e sempre indica o caminho certo para qualquer lugar.;Estalagem;Mapas|pecas de ceramica|Nima;Tecidos esvoaçantes|itens de madeira|animais selvagens;Seus Pontos de Vida maximos aumentam em +3 por patamar.;Quando descansa voce tambem elimina uma condicao.;Quando faz um descanso que aumentaria PV acima do valor maximo voce recebe o excedente como PV temporarios. Estes pontos temporarios desaparecem ao final da proxima masmorra.;Mahin e Nima ja foram muito proximas mas as duas discutiram anos atras. Nada deixaria Mahin mais feliz do que fazer as pazes com Nima. Como pedido de desculpas quer lirios brancos perfeitos para a irma: uma missao de pesquisa (Sobrevivencia) em uma das seguintes masmorras: Allihanna, Marah ou Glorienn.
Martin;O humano Martin foi um habil e moralmente questionavel mercenario de Portsmouth que ao morrer recebeu um contrato inesperado: auxiliar os futuros libertadores em Candessah. Magro e alto com o rosto marcado por pequenas cicatrizes que seu cavanhaque negro e cabelos longos nao conseguem esconder ele nao disfarca sua natureza nem as habilidades que tem a oferecer. Se alguem se importa em lutar sujo nao e um problema dele.;Qualquer (vaga pela cidade);Dinheiro|combate desonrado|violencia;Magia arcana|combate honrado|pacifismo;Voce pode usar Valentao.;Voce recebe resistencia a magia arcana +5.;O bonus em rolagens de dano que voce recebe pelo poder Valentao aumenta para +5.;Apesar de parecer nao se importar com nada nem ninguem Martin sente saudade de sua vida como mercenario e sobretudo de seus companheiros de bando. Ele sabe que o estandarte de seu grupo mercenario esta em uma masmorra e gostaria de recupera-lo. Isso e uma missao de busca na masmorra de Keenn.
Myssia;Moca de cabelos loiros encaracolados e pele escura usa um casaco longo e branco bem fechado com botoes amarelos, gravata borboleta azul e calca ornamentada com sapatos sociais. Esta aggelus permanece o dia todo no balcao da guilda lidando com montes de papeis com requisicoes dos varios habitantes da cidade planar. Extremamente organizada ela pensa e fala de forma rapida as vezes rapido demais para ser entendida.;Guilda;Organizacao|listas bem-feitas|sorvete de morango;Bagunca|coisas erraticas|cebola na comida;Uma vez por masmorra voce pode rolar novamente um teste de pericia relacionado a uma missao.;Quando o grupo conclui uma missao o mestre rola duas recompensas e os personagens escolhem uma delas.;Voce pode elaborar sua propria missao escolhendo suas caracteristicas na tabela de missoes aleatorias. Cada personagem so pode usar este beneficio uma vez.;Myssia e muito atenciosa com todos. Nada interessa mais a ela que o bem estar dos outros. Sua Ultima Demanda e que a Ultima Demanda de duas outras pessoas sejam concluidas.
Nahiri;Esta qareen do ar tem a pele escura tradicional dos habitantes de Halak-Tur. Tem cabelos verde-claro assim como os olhos e a Marca de Wynna nas costas. Nahiri nao sabe exatamente de onde veio, um dia apareceu ainda bebe na porta do anao Tharuk que entao a criou como filha. Cresceu como mercadora assim como o pai. Atende a todos com seu melhor sorriso e muita alegria. Nahiri adora ouvir historias sobre aventureiros e treinar algumas magias para desespero de Tharuk.;Mercado;Aventuras|coisas brilhantes|flertar|magia;Assuntos burocraticos|tempo frio|pimenta;Voce recebe +2 em Diplomacia.;Voce pode lancar Criar Ilusao. Caso ja conheca essa magia seu custo diminui em -1 PM.;Nahiri se torna uma parceira veterana adepta, ajudante ou magivocadora.;Nahiri sonha ser aventureira e a presenca dos herois entrando e saindo das masmorras mexe com sua imaginacao. Ela quer acompanhar o grupo em uma missao de escolta em qualquer masmorra.
Nerus;Uma amistosa e musculosa elfa-do-mar de cabelos verdes e curtos sempre vista com longas botas de couro ate metade das coxas com shorts verdes e uma camisa sem mangas alem de um colete repleto de iscas e linhas. Cheia de energia sempre convida os aventureiros para se juntar a ela e seu marido Andris na pesca diaria.;Pesqueiro;Peixes raros|marcenaria|nadar;Dias nublados|comidas doces|aulas|qualquer tipo de ensinamento nao pratico que demore muito;Voce recebe +2 em Atletismo e Sobrevivencia.;Voce recebe proficiencia com o arpao.;Enquanto segura a corda de um arpao preso a um alvo voce pode gastar uma acao padrao e fazer um teste de manobra contra o alvo. Se passar ele fica caido e e arrastado 9m na sua direcao.;Nerus sonha pescar um kraken do pesqueiro e precisa de uma isca especial para a enorme presa. Sera uma missao de caca na masmorra de Allihanna, Oceano ou Megalokk em busca de alguma criatura capaz de agucar o apetite do monstro.
Nima;Atras do balcao uma aggelus jovem de cabelos ruivos levemente desgrenhados e olhos lilases estrelados e convidativos. Aqueles que visitaram a estalagem podem sentir que estao passando por um dejavu mas Nima vai rir gentilmente e desfazer a confusao: Mahin e sua irma gemea. Diferente dela Nima e solicita e fala bastante sobre todo mundo, bem relacionada conhece cada habitante da cidade e pode oferecer valiosas perspectivas sobre eles.;Taverna;Conversas|especiarias|lirios brancos|Mahin;Roupas de couro|armaduras|animais selvagens;Quando voce consome um prato especial seu bonus de alimentacao dura dois dias (bonus que gastam como pontos temporarios sao renovados automaticamente no inicio do segundo dia).;Voce pode acumular dois bonus de alimentacao por vez.;Uma vez por visita a Candessah voce pode realizar uma comemoracao para toda a cidade! Pague uma quantia igual a metade do dinheiro inicial do nivel da proxima masmorra (por exemplo T$ 200 para o Desafio de Lena). Se fizer isso voce recebe resistencia a magia +5 e 10 PV temporarios por patamar (estes beneficios desaparecem ao final da proxima masmorra).;Nima e Mahin ja foram muito proximas mas as duas discutiram anos atras. Nada deixaria Nima mais feliz do que fazer as pazes com Mahin. Como pedido de desculpas deseja um vaso de ceramica perfeito para presentear a irma: uma missao de manufatura em uma das seguintes masmorras: Lena, Marah ou Wynna.
Nthanda;Se o cheiro de ervas e alquimicos nao denuncia a presenca de Nthanda certamente a grande altura e o olhar benevolente o fazem. Esta aggelus traz a pele tatuada com padroes arboreos que brilham como as estrelas. Nthanda e conhecida por sua serenidade e caridade que costumam ser estendidas a qualquer um apesar de ser uma mulher de poucas palavras. Pode ser encontrada no laboratorio geralmente fabricando algum balsamo ou outro remedio para alguem necessitado.;Laboratorio;Orvalho|chuva|passaros|penas coloridas;Pelo de animal|bagunca e sujeira;Em cada retorno a Candessah voce ganha o equivalente a 2d4 x T$ 10 em essencias de mana e/ou balsamos restauradores.;Aumenta para 2d6 x T$ 10 e inclui acidos, bombas e fogos alquimicos.;Alem dos anteriores inclui uma pocao a sua escolha entre Curar Ferimentos (4d8+4), Bola de Fogo (6d6), Purificacao ou Resistencia a Energia.;Nthanda tem o desejo mais profundo de quase todo alquimista: transformar a materia atraves de uma pocao. Para isso ela precisa de um catalisador universal poderoso algo que so pode ser conseguido em ambiente carregado de energia divina. E uma missao de manufatura de Oficio (alquimista) em qualquer masmorra.
Phylla;Mulher pequena de riso facil e maos rapidas Phylla e a mais jovem trabalhadora da Oficina mas nao a menos agitada. E possivel ver o borrao de sua cabeleira ruiva correndo para todo lado trabalhando ou procurando suas ferramentas perdidas. A sulfure tem grande respeito por tudo que vive e um amor ainda mais intenso por historias de outras culturas.;Oficina;Itens de pedra|culturas distantes|historias;Livros|coisas paradas|pessoas quietas demais;Voce recebe +2 em testes de Investigacao e Percepcao.;Uma vez por masmorra voce pode achar uma ferramenta de Phylla em seus bolsos. Voce pode escolher uma ferramenta com uma melhoria mas precisa dar uma boa explicacao sobre como ela foi parar ali!;Voce pode gastar 1 PM para encontrar uma fraqueza em um inimigo (como se tivesse passado em um teste para identificar criatura). Se ele usa armadura ou e um construto voce tambem recebe +5 em rolagens de dano contra ele.;Alem de ser uma fenomenal couraceira Phylla tem outro grande talento: perder suas ferramentas! Seu brunidor favorito de grande valor sentimental acabou levado para uma masmorra por aventureiros anteriores. Ela precisa que realizem uma missao de recuperacao em qualquer masmorra.
Punddin;Moreau herdeira do coelho com longas orelhas brancas que saltam fora do chapeu de chef que costuma usar. Suas roupas de trabalho sao vestidos cheios de babados em cor-de-rosa com um avental branco por cima. Punddin e uma pessoa doce calma e muito timida. Gosta de assar doces para os outros mesmo sendo habilitada para fazer bem mais que isso. Para ela oferecer uma sobremesa e sempre a melhor maneira de comecar uma conversa.;Churrascaria;Coelhos|cor rosa|chantilly|livros de terror;Pimenta|carne|bagunca na cozinha;Voce recebe +2 em Oficio (cozinheiro).;Uma vez por dia quando fabrica um ou mais pratos especiais voce pode gastar 1 PM para que eles concedam 2d8 PV temporarios cumulativo com os beneficios normais.;Alem dos beneficios normais seus pratos especiais permitem ignorar a primeira condicao de medo ou mental sofrida ate o fim do dia.;Punddin quer agradecer aos herois fazendo um bolo enorme mas seu acucar de fada acabou. Ela vai requisitar uma saca desse acucar como uma missao de recuperacao na masmorra de Glorienn, Lena, Marah ou Wynna.
Rafiq;Rafiq e um jovem aggelus alto de pele escura totalmente careca. Tem rosto marcado e profundos olhos dourados muito expressivos. E normalmente visto em vestes sacerdotais e armadura completa. Aventureiros inclinados a razoes nobres tem a sua predicao.;Templo;Heroismo|livros de romances historicos|incenso;Barulho|exibicionismo|descrenca ou desrespeito aos deuses;Suas magias de cura recuperam +1 PV por circulo de magia que voce seja capaz de conjurar.;Escolha uma magia divina que conheca. O custo para lanca-la diminui em -1 PM cumulativo com outras reducoes.;Suas magias divinas de toque ganham um novo aprimoramento: +1 PM muda o alcance para curto.;Como prova de sua devocao Rafiq pede que os aventureiros levem suas oferendas aos deuses. Sao tres missoes de entrega em masmorras de deuses diferentes que canalizam energia positiva.
Tanit;Esta qareen de curvas acentuadas e cabelo cacheado lilas pode ser vista em trajes leves e veus geralmente ministrando alguma cerimonia durante a noite. Tanit e responsavel por ritos de energia negativa uma raridade na cidade planar. A cleriga se mostra entediada em relacao aos moradores locais mas extremamente interessada nos aventureiros sem poupa-los de elogios ou ajuda.;Templo;Poder|joias|presentes caros|passeios noturnos;Altruismo|flores|luzes fortes;Voce aprende uma magia divina de necromancia ou transmutacao de 1o circulo a sua escolha.;Sempre que reduz um ou mais inimigos a 0 PV ou menos com uma magia divina de dano voce recebe 2 PM temporarios.;Mesmo apos desaparecer Tanit nao esquece de seu salvador. Sempre que o personagem chega a metade de seus PV totais pela primeira vez em uma masmorra um espirito abissal aparece e atua por uma cena como um parceiro veterano adepto, assassino, destruidor, guardiao ou magivocador, ou realiza uma tarefa a sua escolha como no efeito basico da magia Servo Divino (Tormenta20, p. 205).;Tanit esta farta desta cidadela. Ela precisa de uma escolta a qualquer masmorra de um deus que canaliza energia negativa. Se levada ali vai completar um ritual para alcancar o reino divino dessa divindade e escapar para sempre.
Teclis;A silhueta franzina do escriba local e facil de ser encontrada entre pergaminhos. Os olhos escuros nao escondem a timidez a menos que esteja falando de magia! O elfo Teclis tem amor profundo pelo conhecimento arcano e sera muito solicito com conjuradores e aqueles dotados pela magia.;Biblioteca;Conhecimento arcano|pergaminhos|misterios magicos;Inventores|engenhoqueiros|goblinoides|armas de fogo;Ao procurar um pergaminho especifico na biblioteca voce pode rolar dois dados e usar o melhor resultado.;Quando lanca uma magia de um pergaminho voce tem 25% de chance de que esse pergaminho nao seja consumido.;Escolha um pergaminho contendo uma magia de ate 3o circulo que voce nao conhece. Durante a proxima masmorra essa magia faz parte de suas magias conhecidas.;Aficionado por magia Teclis pede para que os personagens tragam novas informacoes magicas completando uma missao de reconhecimento em uma das seguintes masmorras: Wynna, Tanna-Toh ou Glorienn.
Tharuk;Um anao forte de barba e cabelos pretos muito focado no trabalho e na filha. Embora conversador Tharuk prefere nao falar do passado: um dia ele tambem tentou ser um Libertador mas seu grupo foi arrasado e apenas ele se salvou. Decidiu ficar em Candessah nao vendo sentido em voltar para Arton derrotado. Em sua tristeza foi agraciado com a tarefa de criar a pequena Nahiri que tem sido a luz da sua vida desde entao. Sempre trata todos muito bem basta nao mexer com sua filha!;Mercado;Nahiri|cerveja ana|historias de Doherimm;Falar do passado|anaos sem barba|gente mexendo com sua filha;A cada retorno a Candessah voce ganha um item a sua escolha de ate T$ 100.;O valor do item que voce ganha aumenta para T$ 200.;Tharuk se torna um parceiro veterano combatente, fortao ou guardiao.;Tharuk evita mencionar seu tempo como um pretenso Libertador mas existe algo que ele nao consegue esquecer: na fuga acabou deixando para tras seu fiel machado anao heranca de familia. Ele torce para que a arma valiosa ainda esteja na ultima masmorra que visitou. Esta e uma missao de recuperacao em uma das cinco primeiras masmorras a escolha do mestre.
Tonhao;Tonhao e um grande ogro de cabelos curtos e sorriso bobo que vive com seus espetos de carne favoritos presos as costas e cintura como se fossem espadas. Tem tambem a compulsao de estar sempre limpando as maos em uma toalha. Aprecia testar novas receitas de suas famosas linguicas com o povo da Candessah tentando encontrar o balanco perfeito entre carnes e temperos. Chegou recentemente a cidade depois que seu bando o deixou para morrer por nao querer ser um guerreiro como os outros.;Churrascaria;Carne|cozinhar|ajuda para cozinhar;Peixe|dias chuvosos|nao poder cozinhar;Ao extrair recursos de uma criatura voce extrai um recurso extra.;Voce aprende e pode lancar Abencoar Alimentos. Caso ja conheca essa magia seu custo diminui em -1 PM.;Quando voce pede um misturadinho dos deuses pode gastar um ingrediente adicional para escolher um quarto acompanhamento.;Tonhao quer assar o churrasco perfeito. Para isso precisa temperar o metal de seus espetos em uma fonte de calor sobrenatural. Ele entrega seus espetos para uma missao de manufatura envolvendo Oficio (artesao) na masmorra de Azgher, Thyatis ou Wynna.
Viridiane;Caso unico entre os habitantes de Candessah Viridiane e uma bela unicornio femea. Extremamente timida mesmo entre os nativos sente-se confortavel apenas no Bosque sob a protecao atenta de Lassance sendo raro encontra-la em outro local. Quando assustada (evento muito frequente) recorre ao poder de teletransporte. Ela entende ser sua atribuicao auxiliar os herois como puder mas historias sobre aventureiros matando animais magicos a tornaram arredia. Quando o corpo equino se mostra inconveniente Viridiane pode adotar uma forma humanoide: pequena estatura pele muito clara cabelos brancos e longos como sua crina olhos azuis chifre espiralado na fronte.;Bosque;Silencio|seguranca|confeitos;Armas|ruido alto|itens de couro|agressividade;Voce recebe +2 em Percepcao e Sobrevivencia.;Na proxima masmorra voce pode lancar Purificacao uma unica vez pagando seu custo normalmente.;Viridiane atua como um parceiro unicornio veterano (veja Ameacas de Arton, p. 227). Se o personagem for de nivel 11 ou mais ela atua como parceiro mestre.;Viridiane gostaria de vencer a propria timidez e ser util aos herois como os deuses que a trouxeram ali gostariam. Para isso ela gostaria de acompanhar o grupo em um dos desafios. Isso pode ser qualquer missao em que ela possa acompanhar um dos personagens (ela escolhe quem a tiver abordado com mais candura e confianca). Se aceita nessa missao ela atuara como uma parceira unicornio iniciante.
